,channels,num_signups_from_activation,num_signups_actual_by_increment,projected_paid_days
8,Apple,54,91.0,1.8516312855432335
20,Apple_Brand,343,31517.0,1.8993086310995675
34,Expedia,78,145.0,2.74130320603838
60,Facebook/IG_Web,38,69.0,2.647647277934534
75,Google_Desktop,4825,9193.0,2.176318902492526
90,Google_Desktop_Brand,6289,11686.0,2.5723832162337557
105,Google_Mobile,15967,29130.0,1.7477761130900782
120,Google_Mobile_Brand,11919,22045.0,2.0618596242886165
133,Google_Pmax,5951,12085.0,1.536542783810435
140,Kayak_Afterclick,79,160.0,2.439438779342948
155,Kayak_Desktop,271,517.0,2.2905695212817747
170,Kayak_Desktop_Carousel,1473,2790.0,1.3573696350937117
185,Kayak_Desktop_Compare,591,1092.0,2.171906384319292
200,Kayak_Desktop_Core,2517,4736.0,2.2286138143401946
220,Kayak_Mobile_Core,2174,4100.0,1.5370309670698352
235,Mediaalpha,298,623.0,2.3202199888882777
250,Microsoft_Desktop,536,742.0,2.880839122723471
265,Microsoft_Desktop_Brand,1167,2258.0,2.786502111277627
286,Reddit,19,26.0,3.413481687159319
